<?xml version="1.0" encoding="UTF-8"?>
<beans xmlns="http://www.springframework.org/schema/beans"
	xmlns:context="http://www.springframework.org/schema/context"
	xmlns:mvc="http://www.springframework.org/schema/mvc"
	xmlns:aop="http://www.springframework.org/schema/aop"
	xmlns:tx="http://www.springframework.org/schema/tx"
	xmlns:xsi="http://www.w3.org/2001/XMLSchema-instance"
	xmlns:websocket="http://www.springframework.org/schema/websocket"
	xsi:schemaLocation="http://www.springframework.org/schema/websocket http://www.springframework.org/schema/websocket/spring-websocket-4.3.xsd
		http://www.springframework.org/schema/mvc http://www.springframework.org/schema/mvc/spring-mvc-4.0.xsd
		http://www.springframework.org/schema/beans http://www.springframework.org/schema/beans/spring-beans-4.0.xsd
		http://www.springframework.org/schema/context http://www.springframework.org/schema/context/spring-context-4.0.xsd
		http://www.springframework.org/schema/aop http://www.springframework.org/schema/aop/spring-aop.xsd
		http://www.springframework.org/schema/tx http://www.springframework.org/schema/tx/spring-tx.xsd">

	<!-- # @Controller 어노테이션을 이용한 컨트롤러를 사용하기 위한 설정 -->
	<mvc:annotation-driven />

	<!-- # DispatcherServlet의 매핑 경로를 '/'로 주었을 때, 기본 컨트롤러 연결 설정 -->
	<mvc:view-controller path="/" view-name="/login/login" />
	
	

	<!-- # DispatcherServlet의 매핑 경로를 '/'로 주었을 때, JSP/HTML/CSS등을 올바르게 처리하기 위한 
		설정 -->
	 <!--<mvc:default-servlet-handler /> -->

	<!-- # DispatcherServlet의 매핑 경로를 '/'로 주었을 때, 기본 컨트롤러 연결 설정 -->
	<!-- mvc:resources location="/WEB-INF/resource/" mapping="/resource/**"/ -->
	<mvc:resources location="/WEB-INF/resource/images/" mapping="/images/**" />
	<mvc:resources location="/WEB-INF/resource/css/" mapping="/css/**" />
	<mvc:resources location="/WEB-INF/resource/js/" mapping="/js/**" />
	<mvc:resources location="/WEB-INF/resource/fonts/" mapping="/fonts/**" />
	<mvc:resources location="/WEB-INF/resource/html/" mapping="/html/**" />

	<!-- Component Scan을 하기 위한 ROOT Package 설정 -->
	<!-- context:component-scan base-package="kr.happyjob.study" /  -->
	<context:component-scan base-package="kr.happyjob" />
	
	<!-- dao 스캔 -->
	<bean class="org.mybatis.spring.mapper.MapperScannerConfigurer">
		<property name="basePackage" value="kr.happyjob.study.**.dao" />
	</bean>
	
	<!-- MultipartResolver 설정 -->
	<bean id="multipartResolver"
		class="org.springframework.web.multipart.commons.CommonsMultipartResolver">
		<property name="maxUploadSize" value="200000000" />
		<property name="maxInMemorySize" value="200000000" />
	</bean>

	<!-- 프로퍼티 파일 등록 -->
	<context:property-placeholder location="/WEB-INF/classes/happyjob.properties"/>
	<!-- ## MySQL setup ## -->
	
<!--  	
	
    <bean id="mysqlDataSource" class="org.apache.commons.dbcp.BasicDataSource"
		destroy-method="close">
		<property name="driverClassName" value="com.mysql.jdbc.Driver" />
		<property name="url" value="jdbc:mysql://13.124.192.119:3306/happylibrary" /> 
		<property name="username" value="root" />
		<property name="password" value="hwangkh704!" />
		<property name="validationQuery" value="select 1" />
	</bean> 
-->

   <bean id="mysqlDataSource" class="org.apache.commons.dbcp.BasicDataSource"
		destroy-method="close">
		<property name="driverClassName" value="com.mysql.jdbc.Driver" />
		<property name="url" value="jdbc:mysql://13.209.16.121:3306/octfair2?allowMultiQueries=true" />
		<property name="username" value="root" />
		<property name="password" value="hwangkh704!" />
		<property name="validationQuery" value="select 1" />
	</bean> 


	
			 	
	<!-- ## Mapper setup ## -->
	<bean id="mysqlSqlSessionFactory" class="org.mybatis.spring.SqlSessionFactoryBean">
		<property name="dataSource" ref="mysqlDataSource" />
		<property name="configLocation" value="/WEB-INF/mybatis-mysql-config.xml" />
		<property name="typeAliasesPackage" value="kr.happyjob.study" />
		<!-- property name="mapperLocations" value="classpath*:kr/happy/jobkorea/**/dao/mapper/*Mapper.xml" /-->
		<property name="mapperLocations" value="classpath*:sql/*/*Mapper.xml" />
	</bean>

 	
	<!-- ## DB Tranjection setup ## -->
	<bean id="mysqlSqlSessionTemplate" class="org.mybatis.spring.SqlSessionTemplate">
		<constructor-arg ref="mysqlSqlSessionFactory" />
	</bean>

	<bean id="mysqlTransactionManager"
		class="org.springframework.jdbc.datasource.DataSourceTransactionManager">
		<property name="dataSource" ref="mysqlDataSource" />
	</bean>

	<tx:advice id="txAdvice" transaction-manager="mysqlTransactionManager">
		<tx:attributes>
			<tx:method name="*" rollback-for="Exception" />
		</tx:attributes>
	</tx:advice>

	<aop:config>
		<aop:pointcut id="txPointcut"
			expression="execution(* kr.happyjob.study.*.service.*ServiceImpl.*(..))" />
		<aop:advisor advice-ref="txAdvice" pointcut-ref="txPointcut" />
	</aop:config>
	
	<!-- 메일보내기 -->
	<bean id="mailSender" class = "org.springframework.mail.javamail.JavaMailSenderImpl">
		<property name="host" value="smtp.gmail.com" />
		<property name="port" value="465" />
		<property name="username" value="aaaaa@gmail.com" /> <!-- 이메일 전송 아이디_도현 -->
		<property name="password" value="1q2w3e!Q@W#E" /> <!-- 이메일 전송 패스워드_도현 -->
		<property name="javaMailProperties">
			<props>
				<prop key="mail.transport.protocol">smtp</prop> 
				<prop key="mail.smtp.auth">true</prop>
				<prop key="mail.smtp.starttls.enable">true</prop>
				<prop key="mail.debug">false</prop>
				<prop key="mail.smtp.ssl.enable">true</prop>
				<prop key="mail.smtp.ssl.trust">smtp.gmail.com</prop>			
				<prop key="mail.smtp.socketFactory.class">javax.net.ssl.SSLSocketFactory</prop>
				<prop key="mail.smtp.socketFactory.fallback">false</prop>	
			</props>
		</property>
	</bean>

	<!-- auth interceptor -->
	<mvc:interceptors>
		<mvc:interceptor>
			<mvc:mapping path="/**" />
			<mvc:exclude-mapping path="/login.do" />
			<mvc:exclude-mapping path="/loginProc.do" />
			<mvc:exclude-mapping path="/selectFindInfoId.do" />
			<mvc:exclude-mapping path="/selectFindInfoPw.do" />
			<mvc:exclude-mapping path="/register.do"/>
			<mvc:exclude-mapping path="/updateFindPw.do" />
			<mvc:exclude-mapping path="/system/selectUsrMgr.do" />
			<mvc:exclude-mapping path="/adm/selectPrjMgr.do" />
			<mvc:exclude-mapping path="/images/**" />
			<mvc:exclude-mapping path="/css/**" />
			<mvc:exclude-mapping path="/js/**" />
			<mvc:exclude-mapping path="/fonts/**" />
			<mvc:exclude-mapping path="/html/**" />
			<bean class="kr.happyjob.study.common.interceptor.AuthCheckInterceptor" />
		</mvc:interceptor>
	</mvc:interceptors>


	 		 
	<!--## 공통 Exception setup ## -->
	<bean class="kr.happyjob.study.common.exception.CommonExceptionHandler" />

	<!-- JSP를 이용해서 컨트롤러의 실행 결과를 보여주기 위한 설정 -->
	<!-- <mvc:view-resolvers> <mvc:jsp prefix="/WEB-INF/view/" /> </mvc:view-resolvers> -->
	<bean id="viewResolver"
		class="org.springframework.web.servlet.view.InternalResourceViewResolver">
		<property name="prefix" value="/WEB-INF/view/" />
		<property name="suffix" value=".jsp" />
	</bean>

</beans>