<?xml version="1.0" encoding="UTF-8"?>
<!DOCTYPE mapper PUBLIC "-//mybatis.org//DTD Mapper 3.0//EN" "http://mybatis.org/dtd/mybatis-3-mapper.dtd">

<mapper namespace="kr.happyjob.study.system.dao.ComnComboDao">

	<!-- 로그인 사용자 강의목록 조회 -->
	<select id="selectlecbyuserlist" resultType="kr.happyjob.study.system.model.comcombo">
		/*kr.happyjob.study.system.dao.ComnComboDao.selectlecbyuserlist*/
			select lec_id as cd
                    ,lec_name as name
             from tb_lec_info 
             <where>
			  <if test="(loginId != null) and (!loginId.equals(''))">
			      and tutor_id = #{loginId}
			  </if>
			</where>        
			 order by lec_id
	</select>
  

    <!-- 사용자  목록 조회 -->
  <select id="selectuserlist" resultType="kr.happyjob.study.system.model.comcombo">
    /*kr.happyjob.study.system.dao.ComnComboDao.selectuserlist*/
			select loginID as cd
			       ,name
			  from tb_userinfo
			 <where>
			  <if test="(code != null) and (!code.equals(''))">
			      AND user_type = #{code}
			  </if>
			</where>  
			 order by loginID
  </select>   
  
    <!-- 강의중/미강의중 강사  목록 조회 -->
   <select id="selectlecuserlist" resultType="kr.happyjob.study.system.model.comcombo">
    /*kr.happyjob.study.system.dao.ComnComboDao.selectlecuserlist*/
           select ui.loginID as cd
			       ,ui.name
			  from tb_userinfo ui
            where ui.user_type = 'B'
                   <if test="code eq 'N'.toString()">
                     and not exists ( select 1
                                   from tb_lec_info le
                                  where le.tutor_id = ui.loginID
                               )     
                   </if>
                   <if test="code eq 'Y'.toString()">
                     and  exists ( select 1
                                   from tb_lec_info le
                                  where le.tutor_id = ui.loginID
                               )     
                   </if>
            order by ui.loginID
  </select>  
  
   <!-- 강의실  목록 조회 -->
   <select id="selectclasslist" resultType="kr.happyjob.study.system.model.comcombo">  
          select  lecrm_id as cd
                  , lecrm_name as name
            from tb_lec_room
           order by lecrm_id 
   </select>
   
      <!-- 강의 종료/진행  목록 조회 -->
   <select id="selectlecynlist" resultType="kr.happyjob.study.system.model.comcombo">  
             select lec_id as cd
                     ,lec_name as name
              from tb_lec_info
			 <where>
			  <if test="code eq 'Y'.toString()">
			      and end_date <![CDATA[<]]>  now()
			  </if>
			  <if test="code eq 'N'.toString()">
			      and end_date <![CDATA[>=]]> now()
			  </if>
			</where>
		 order by lec_id 	
   </select>
    
  
  
  
        <!-- 테스트  목록 조회 -->
   <select id="selecttestlist" resultType="kr.happyjob.study.system.model.comcombo">  
          select  test_id as cd
                  , test_name as name
            from tb_testmaster 
           order by test_id 	  
   </select>   
   
       <!-- 테스트  타입 목록 조회 -->
   <select id="selecttesttypelist" resultType="kr.happyjob.study.system.model.comcombo">  
          select  lec_type_id as cd
                  ,lec_type_name  as name
            from tb_lec_type 
           order by lec_type_id  
   </select>     
   
      <!-- 문제  목록 조회 -->
  <select id="selecttestquelist" resultType="kr.happyjob.study.system.model.comcombo">
    /*kr.happyjob.study.system.dao.ComnComboDao.selecttestquelist*/
			select que_id as cd
			       ,test_que as name
			  from tb_test_que
			 <where>
			  <if test="(code != null) and (!code.equals(''))">
			      AND test_type_id = #{code}
			  </if>
			</where>  
			 order by que_id
  </select>   
   
</mapper>